Credit,Property Types 1,Property Types 2,Investing,Real Estate,Websites,Mortgage,Renting ,Renovation ,Employment ,Employment 2,Business ,Business 2,Computer,Finance,Finance 2,Vehicle,Insurance,Eco,House,Sciences,School,Lifestyle
Credit (finance),Apartment List,Home,Connected Investors,Real estate investing,Homes.com,Mortgage broker,Rent-to-own,Building material,Self-employment,Electrical engineering,Business,Economics,Software development,Money,Balance transfer,Car rentals,Home insurance,Solar energy,Bathroom,Biology,Education,Entertainment
Credit history,Commercial property,Log cabin,Creative real estate investing,Real estate investment club,Housing.com,Mortgage calculator,Renting,Construction,Startup company,Employment,Business administration,Economy,Software engineering,Money management,Cryptocurrency,Car dealership,Independent insurance agent,Solar power,Air conditioning,Biotechnology,Higher education,Health & wellness
Credit Karma,Condominium,Mansion,Investment management,Real estate investment trust,realtor.com,Mortgage insurance,Vacation rental,Fixer-upper,Career,Employment agency,Business development,Entrepreneurship,Web design,Debit card,Finance,Car finance,Insurance,Hybrids,Bedroom,Chemistry,Leadership,Medicine
Credit score in the United States,Cottage,Manufactured housing,Investment strategy,Real estate development,Realtor.com Pro,Mortgage loans,Landlord,General contractor,Career development,Employment website,Business travel,Foodservice,Web development,Bank account,Financial market,Cars,Insurance broker,Sustainability,Furniture,Epidemiology,Management,Motivation
Credit Sesame,Custom home,Mobile home,Investor,Real estate,Rent.com,Remortgage,Property management,Home construction,Job,Engineering,Home business,Franchising,Web hosting,Banking,Financial services,Sports car,Insurance policy,Electricity,Garage (residential),Gastronomy,Mathematics,Performing arts
Credit Cards,Semi-detached,Owner-occupier,Private equity,Real Estate Agent Directory,Trulia,Reverse mortgage,Renters' insurance,Architecture,Job fair,Entry-level job,Small business,Grocery store,Computer engineering,Branch (banking),Accounting,Used car,Life insurance,Energy,Home Appliances,Physics,,Personal development
Credit Card Interest,Single-family detached home,Prefabricated home,Share (finance),Real estate broker,Zillow,Loan officer,Apartment,Architecture & Design,Job hunting,Freelancer,Small Business Administration,Industry,Computer programming,Mobile banking,Analytics,Automobile repair shop,Vehicle insurance,Environmentalism,Kitchen,Psychology,,Philanthropy
Credit card balance transfer,Starter home,Property,Stock,Multiple listing service,Craigslist,Broker,Apartment Guide,Building,Job interview,Human resource management,Small and medium enterprises,Law,Computer science,Online banking,Asset management,Automobiles,,Renewable energy,Living room,Agriculture,,Photography
Credit Union,Townhouse,Office,Stock exchange,Premier Agent - Zillow & Trulia,MarketWatch,Home equity,Buy to let,Design,Application for employment,Human resources,Corporation,Logistics,Computer security,Retail banking,Audit,Automotive industry,,,Plumbing,Information security,,Public sector
Credit Limit,Landed property,Office Space,Stock market,Estate agent,Apartments.com,Home equity line of credit,For sale by owner,Floor plan,Acting,Internship,Apprenticeship,Manufacturing,Computing,Cash,Bookkeeping,Commuting,,,Roommate,Information technology,,Quality assurance
Consumer Debt,Property,Estate (land),Investing online,Facility management,,Home equity loan,Lease,Home automation,Coaching,Journalism,Call centre,Nonprofit organization,Consumer electronics,Cashback reward program,Budget,Driver's license,,,,Machine learning,,Facebook
Experian,Property finder,Land,Investment,Homeowner association,,Cash out refinancing,Payment,Home repair,Customer support,Mechanical engineering,Charitable organization,Professional,JavaScript,Bitcoin,Deposit account,Electric vehicle,,,,Programming language,,Facebook Messenger
Credit card interest,Land and Houses,Land lot,Investment banking,Luxury real estate,,Refinancing,,Interior architecture,Customer relationship management,Metalworking,Civil service,Professional development,Data science,Digital wallet,Discounting,Four-wheel drive,,,,,,LinkedIn
Credit cards,Land lot,Landed property,Investment management,Moving company,,FHA insured loan,,Interior design,Day trading,Part-time,Delivery (commerce),Recruitment,Data security,Income tax,Foreign exchange market,Hatchback,,,,,,
Credit limit,Duplex (building),Bathroom,Investment strategy,Residential area,,First-time buyer,,Interior Design Ideas,Dentistry,Sales management,,Sales,Artificial intelligence,,Personal finance,Luxury vehicle,,,,,,
Credit union,Estate (land),Bedroom,Investor,Real estate economics,,First-time home buyer grant,,Interior design magazine,Dog training,Landscaping,,,E-commerce,,Saving,Motor vehicle,,,,,,
Line of credit,Fixer-upper,Kitchen,Consumer Reports,House Hunting,,Pre-qualification (lending),,Modern architecture,Dwelling,Landscape,,,Communication,,Loan,Motorcycles,,,,,,
Microcredit,Bungalow,Living room,Fundraising,,,Remortgage,,Renovation,,Hospitality,,,Electronics,,Peer-to-peer lending,Public transport,,,,,,
Consumer debt,Gated community,Real property,Mutual fund,,,,,,,,,,Graphic design,,Installment loan,RVs,,,,,,
Government debt,Holiday cottage,,Return on investment,,,,,,,,,,,,Interest rate,,,,,,,